intent,response
greetings,Hello! How can I assist you today?
goodbye,Goodbye! Have a wonderful day!
thanks,You're welcome! Happy to help!
working_hours,"We operate from 9 AM to 6 PM, Monday to Friday."
location,Our headquarters is located in the US with global presence.
founder,Our founder is Arshad Hisham.
foundation_year,InGen Dynamics was founded in 2015.
mission,Our mission is to improve global living standards using AI and robotics.
products,"We offer products like Aido, Sentinel, Kaiser.Haus, and Origami."
product_aido,Aido is a modular service robot for homes and businesses.
product_sentinel,Sentinel is an AI-based security system for real-time monitoring.
product_kaiser,Kaiser.Haus automates smart home experiences.
product_origami,Origami is our AI business automation platform.
futurenauts,Futurenauts is our educational initiative for future tech professionals.
revenue_pipeline,Our revenue pipeline stands at $80 million.
funding,We have raised over $157 million in funding.
field_operations,"Our products have logged over 750,000 operational hours."
industries_targeted,"We target industries like healthcare, hospitality, and retail."
future_goals,We aim to develop humanoid robots by 2025/26.
global_presence,"We have a strong global presence across North America, Europe, and Asia."
labor_shortage_solution,We use automation to address labor shortages.
environmental_focus,We focus on sustainability and environmental solutions.
customer_focus,We prioritize customer feedback and needs.
customization,"Yes, our products are customizable."
ai_integration,We integrate advanced AI in our products.
data_analytics,We use data analytics for smart decision-making.
real_time_monitoring,"Yes, our products support real-time monitoring."
safety_features,All products are built with safety features.
autonomous_operation,Our robots can operate autonomously.
education_initiatives,We engage in education and training initiatives.
recognitions,Weâ€™ve received multiple awards and recognitions.
media_presence,We are featured in global media for innovation.
arshad_background,"Arshad Hisham has a background in engineering, business, and entrepreneurship."
company_growth,Our company is experiencing rapid financial growth.
robotic_innovation,We continuously innovate in robotics and AI.
product_scalability,Our products scale with your business.
user_interfaces,We ensure our products are user-friendly.
competitive_advantage,Our competitive edge is innovation and adaptability.
cost_efficiency,"Yes, automation helps in cost savings."
employee_engagement,We actively engage our employees in innovation.
advisory_roles,"Yes, Arshad serves on advisory boards."
strategic_partnerships,We partner with other companies for tech growth.
smart_home_solutions,Kaiser.Haus is our smart home solution.
security_solution,Sentinel provides cutting-edge security solutions.
business_automation,Origami automates business processes.
investment_opportunities,"Yes, we welcome investment opportunities."
market_position,We are leaders in AI and robotics.
operational_hours,"Our products have over 750,000 field hours."
financial_growth,We are witnessing rapid financial growth.
r_and_d,We invest heavily in R&D.
future_prototypes,"Yes, new prototypes are planned for 2024."
upcoming_humanoid_robot,Humanoid robots are under development.
expansion_plan,We plan to expand into healthcare and education.
sustainability_initiatives,We are committed to sustainability.
career_opportunities,We offer careers in AI and robotics.
learning_resources,We provide learning resources through Futurenauts.
field_applications,Our products are used in real-world scenarios.
autonomous_security,InGen Rover offers autonomous security.
robot_modularity,Aido is highly modular and customizable.
customer_support,We offer 24/7 customer support.
personalization,Solutions are personalized based on client needs.
continuous_innovation,Innovation is at the core of our strategy.
leadership_philosophy,Our leadership emphasizes transparency and growth.
product_deployment,Our products are deployed worldwide.
regions_served,"We serve markets in North America, Europe, and Asia."
investment_success,Our funding success is backed by institutional investors.
product_customizability,"Yes, products can be tailored to customer needs."
educational_programs,We run educational initiatives worldwide.
vision_for_future,We aim to change the world with robotics.
platform_integration,Our platforms integrate with commercial systems.
continuous_feedback,We use continuous feedback for improvement.
service_robotics,We pioneer service robotics.
security_systems,Sentinel is our advanced security platform.
smart_home_features,Kaiser.Haus automates smart living spaces.
business_automation_benefits,Business automation saves time and increases efficiency.
ai_platform,Origami is the heart of our AI services.
machine_learning_usage,We apply machine learning in all products.
operational_efficiency,Operational efficiency is key to our success.
real_world_use_cases,Real-world cases are part of our portfolio.
problem_solving_skills,We teach problem-solving through Futurenauts.
data_driven_decision,We focus on data-driven decision making.
safety_standards,We meet international safety standards.
environmentally_friendly,Our solutions are environmentally friendly.
industry_awards,We have received industry awards.
team_diversity,We value diversity in our teams.
multi_language_support,Our team supports multiple languages.
market_leadership,We lead in AI and robotics innovation.
competitive_challenges,We face market competition with unique solutions.
company_ethics,Our ethics drive our business practices.
media_interviews,We appear frequently in tech media.
public_speaking,Arshad speaks at international tech events.
tech_community_involvement,We actively engage with the tech community.
global_outreach,Our outreach is global.
technology_advancements,We are advancing AI and robotics.
robotic_education,We promote robotics education programs.
modular_robot_design,We design modular robots for flexibility.
autonomous_field_testing,Our robots undergo field testing.
revenue_achievements,Revenue growth is strong and consistent.
investment_growth,Investment growth has been impressive.
smart_robot_features,Our robots come with smart features.
future_ambitions,We aim to transform industries with robotics.
